{"camera3":
{"camera_matrix": [[1351.1680918395932, 0.0, 884.9560389337869], [0.0, 1356.7002560259114, 508.66987718606475], [0.0, 0.0, 1.0]],
  "dist_coeffs": [[-0.2164298033815372, 0.9682320402760933, -0.001487471968630601, -0.006118155964533773, -1.5548689315544224]]},

  "camera-ori-1":
  {"camera_matrix": [[1181.1761353508189, 0.0, 964.8542292687661], [0.0, 1161.3232404969665, 544.7732179508633], [0.0, 0.0, 1.0]],
    "dist_coeffs": [[-0.04136038800105471, 0.6944883251949197, -0.016328119460187307, 0.000680341308438439, -2.351941942682704]]},

  "camera-ori-2": {"camera_matrix": [[1188.4452528595134, 0.0, 918.1635045267849], [0.0, 1185.4956701128033, 563.6809036641804], [0.0, 0.0, 1.0]],
    "dist_coeffs": [[0.20746414575518476, -0.5337006354335715, -0.0013784513774811793, -0.005106959608251296, 0.2864588384038474]]},


   "camera1": {"camera_matrix": [[1188.4452528595134, 0.0, 918.1635045267849], [0.0, 1185.4956701128033, 563.6809036641804], [0.0, 0.0, 1.0]],
    "dist_coeffs": [[0.20746414575518476, -0.5337006354335715, -0.0013784513774811793, -0.005106959608251296, 0.2864588384038474]]},

   "camera2": {"camera_matrix": [[1188.4452528595134, 0.0, 918.1635045267849], [0.0, 1185.4956701128033, 563.6809036641804], [0.0, 0.0, 1.0]],
    "dist_coeffs": [[0.20746414575518476, -0.5337006354335715, -0.0013784513774811793, -0.005106959608251296, 0.2864588384038474]]}
}