{
    "camera1": {
        "intrinsics": {
            "camera_matrix": [
                [
                    1181.1761353508189,
                    0.0,
                    964.8542292687661
                ],
                [
                    0.0,
                    1161.3232404969665,
                    544.7732179508633
                ],
                [
                    0.0,
                    0.0,
                    1.0
                ]
            ],
            "dist_coeffs": [
                [
                    -0.04136038800105471,
                    0.6944883251949197,
                    -0.016328119460187307,
                    0.000680341308438439,
                    -2.351941942682704
                ]
            ]
        },
        "extrinsics": {
            "rotation_vector": [
                [
                    -0.9185382994921191
                ],
                [
                    1.085684944408291
                ],
                [
                    1.8496519076441684
                ]
            ],
            "translation_vector": [
                [
                    2.7086227838277823
                ],
                [
                    1.2935588320119238
                ],
                [
                    -4.748489711147834
                ]
            ]
        }
    },
    "camera2": {
        "intrinsics": {
            "camera_matrix": [
                [
                    1188.4452528595134,
                    0.0,
                    918.1635045267849
                ],
                [
                    0.0,
                    1185.4956701128033,
                    563.6809036641804
                ],
                [
                    0.0,
                    0.0,
                    1.0
                ]
            ],
            "dist_coeffs": [
                [
                    0.20746414575518476,
                    -0.5337006354335715,
                    -0.0013784513774811793,
                    -0.005106959608251296,
                    0.2864588384038474
                ]
            ]
        },
        "extrinsics": {
            "rotation_vector": [
                [
                    -0.7093837317417098
                ],
                [
                    -1.3187378104155818
                ],
                [
                    -2.554229878570625
                ]
            ],
            "translation_vector": [
                [
                    4.2270871299368595
                ],
                [
                    1.774459138741251
                ],
                [
                    -6.653832878368125
                ]
            ]
        }
    }
}