{
    "camera1": {
        "intrinsics": {
            "camera_matrix": [
                [
                    1188.4452528595134,
                    0.0,
                    918.1635045267849
                ],
                [
                    0.0,
                    1185.4956701128033,
                    563.6809036641804
                ],
                [
                    0.0,
                    0.0,
                    1.0
                ]
            ],
            "dist_coeffs": [
                [
                    0.20746414575518476,
                    -0.5337006354335715,
                    -0.0013784513774811793,
                    -0.005106959608251296,
                    0.2864588384038474
                ]
            ]
        },
        "extrinsics": {
            "rotation_vector": [
                [
                    -0.8730476671494615
                ],
                [
                    1.0956828920332475
                ],
                [
                    1.8813702462705382
                ]
            ],
            "translation_vector": [
                [
                    2.6468307582216783
                ],
                [
                    1.4572880717321561
                ],
                [
                    -5.321150635414464
                ]
            ]
        }
    },
    "camera2": {
        "intrinsics": {
            "camera_matrix": [
                [
                    1188.4452528595134,
                    0.0,
                    918.1635045267849
                ],
                [
                    0.0,
                    1185.4956701128033,
                    563.6809036641804
                ],
                [
                    0.0,
                    0.0,
                    1.0
                ]
            ],
            "dist_coeffs": [
                [
                    0.20746414575518476,
                    -0.5337006354335715,
                    -0.0013784513774811793,
                    -0.005106959608251296,
                    0.2864588384038474
                ]
            ]
        },
        "extrinsics": {
            "rotation_vector": [
                [
                    -0.23624059064051559
                ],
                [
                    -1.4758549937689718
                ],
                [
                    -2.32227523637572
                ]
            ],
            "translation_vector": [
                [
                    4.079373509648394
                ],
                [
                    1.8260849225391942
                ],
                [
                    -6.162459606044191
                ]
            ]
        }
    }
}