{
    "camera1": {
        "intrinsics": {
            "camera_matrix": [
                [
                    1171.5837570686845,
                    0,
                    925.5731346571063
                ],
                [
                    0,
                    1126.1126463570279,
                    540.1335933957419
                ],
                [
                    0,
                    0,
                    1
                ]
            ],
            "dist_coeffs": [
                [
                    -0.19933954463795225,
                    -0.2680850644928703,
                    -0.9960170268953478,
                    0.14799817914073116,
                    1.0
                ]
            ]
        },
        "extrinsics": {
            "rotation_vector": [
                [
                    5.359530002010227
                ],
                [
                    -4.60599606018805
                ],
                [
                    -0.8707568761331547
                ]
            ],
            "translation_vector": [
                [
                    -4.949131461859976
                ],
                [
                    -0.8134576917014554
                ],
                [
                    9.999999999999963
                ]
            ]
        }
    },
    "camera2": {
        "intrinsics": {
            "camera_matrix": [
                [
                    1187.7381219001359,
                    0,
                    967.8660153847751
                ],
                [
                    0,
                    1172.5176698592004,
                    508.94841187296885
                ],
                [
                    0,
                    0,
                    1
                ]
            ],
            "dist_coeffs": [
                [
                    -0.1143762892092339,
                    0.7529776163357091,
                    0.060382281811156124,
                    -0.21799731381650223,
                    -0.39495159283948944
                ]
            ]
        },
        "extrinsics": {
            "rotation_vector": [
                [
                    -1.4368104465045837
                ],
                [
                    -4.323337703942972
                ],
                [
                    -7.754758822415944
                ]
            ],
            "translation_vector": [
                [
                    5.204384644372122
                ],
                [
                    2.2274455517277785
                ],
                [
                    -10.0
                ]
            ]
        }
    }
}