{
    "camera1": {
        "intrinsics": {
            "camera_matrix": [
                [
                    1188.4452528595134,
                    0.0,
                    918.1635045267849
                ],
                [
                    0.0,
                    1185.4956701128033,
                    563.6809036641804
                ],
                [
                    0.0,
                    0.0,
                    1.0
                ]
            ],
            "dist_coeffs": [
                [
                    0.20746414575518476,
                    -0.5337006354335715,
                    -0.0013784513774811793,
                    -0.005106959608251296,
                    0.2864588384038474
                ]
            ]
        },
        "extrinsics": {
            "rotation_vector": [
                [
                    -0.8730476671494615
                ],
                [
                    1.0956828920332475
                ],
                [
                    1.8813702462705382
                ]
            ],
            "translation_vector": [
                [
                    2.6468307582216783
                ],
                [
                    1.4572880717321561
                ],
                [
                    -5.321150635414464
                ]
            ]
        }
    },
    "camera2": {
        "intrinsics": {
            "camera_matrix": [
                [
                    1181.1761353508189,
                    0.0,
                    964.8542292687661
                ],
                [
                    0.0,
                    1161.3232404969665,
                    544.7732179508633
                ],
                [
                    0.0,
                    0.0,
                    1.0
                ]
            ],
            "dist_coeffs": [
                [
                    -0.04136038800105471,
                    0.6944883251949197,
                    -0.016328119460187307,
                    0.000680341308438439,
                    -2.351941942682704
                ]
            ]
        },
        "extrinsics": {
            "rotation_vector": [
                [
                    0.04582579685713578
                ],
                [
                    1.5925460030188152
                ],
                [
                    3.187174472557991
                ]
            ],
            "translation_vector": [
                [
                    7.751586284258227
                ],
                [
                    3.203430155522222
                ],
                [
                    -11.857368678524995
                ]
            ]
        }
    }
}